segment,series,annual_sales,demand_share
AX,137,3915560,0.36478990547563106
AY,117,3261065,0.30381442069586184
AZ,58,1412890,0.13163072703456577
BZ,60,767208,0.07147629810299112
BY,41,561632,0.05232398027155493
CZ,49,396904,0.036977232539636695
BX,22,284985,0.026550391569015088
CY,8,66958,0.006238086631500297
CX,8,66538,0.006198957679243209
