rank,model,MAE,RMSE,MAPE,SMAPE
1,Média histórica loja-produto,10.157810248735215,13.513835290518065,20.48604456895103,19.75890721857194
2,Média dos últimos 7 dias,11.494403191036648,15.088794880203402,26.068038558145556,21.86643031202123
3,Média dos últimos 28 dias,11.753547656673856,15.412619083299116,26.938170531346618,22.253034787997166
4,Média global histórica,22.96790098063151,28.55739622396389,59.84500261853246,44.1676907125699
