group,observations,coverage,average_width,median_width
overall,45000,0.9364888888888889,34.148381938419355,31.165115356445312
horizon_01-07,3500,0.9331428571428572,29.570032507760185,29.82421875
horizon_08-28,10500,0.9538095238095238,31.21322024899437,31.165115356445312
horizon_29-60,16000,0.957875,34.930353588104246,36.92613220214844
horizon_61-90,15000,0.9023333333333333,36.4371735618401,40.44572448730469
